question_id,subject,topic,question,question_type,difficulty,difficulty_rating,option_a,option_b,option_c,option_d,correct_answer,model_answer,explanation
Q0101A,DSA,Arrays,Which statement best describes Arrays?,MCQ,Easy,0.35,arrays always grow without reallocation,array lookup requires scanning every item,array elements are stored at contiguous memory locations,arrays store only integers,C,,Array elements are stored at contiguous memory locations.
Q0101B,DSA,Arrays,"In a practical problem involving Arrays, which principle should guide your solution?",MCQ,Medium,0.45,arrays always grow without reallocation,array lookup requires scanning every item,arrays store only integers,array elements are stored at contiguous memory locations,D,,Array elements are stored at contiguous memory locations.
Q0101C,DSA,Arrays,Which design decision is most consistent with the core principle of Arrays?,MCQ,Hard,0.85,array elements are stored at contiguous memory locations,arrays always grow without reallocation,array lookup requires scanning every item,arrays store only integers,A,,Array elements are stored at contiguous memory locations.
Q0101S,DSA,Arrays,"Explain the core principle of Arrays in your own words, and describe one situation where you would apply it.",Subjective,Easy,0.35,,,,,,Array elements are stored at contiguous memory locations.,Model answer: Array elements are stored at contiguous memory locations.
Q0102A,DSA,Strings,Which statement best describes Strings?,MCQ,Easy,0.15,strings cannot be indexed,strings are always mutable,strings contain only letters,strings are sequences of characters,D,,Strings are sequences of characters.
Q0102B,DSA,Strings,"In a practical problem involving Strings, which principle should guide your solution?",MCQ,Medium,0.55,strings are sequences of characters,strings cannot be indexed,strings are always mutable,strings contain only letters,A,,Strings are sequences of characters.
Q0102C,DSA,Strings,Which design decision is most consistent with the core principle of Strings?,MCQ,Hard,0.95,strings cannot be indexed,strings are sequences of characters,strings are always mutable,strings contain only letters,B,,Strings are sequences of characters.
Q0102S,DSA,Strings,"Explain the core principle of Strings in your own words, and describe one situation where you would apply it.",Subjective,Easy,0.15,,,,,,Strings are sequences of characters.,Model answer: Strings are sequences of characters.
Q0103A,DSA,Linked Lists,Which statement best describes Linked Lists?,MCQ,Easy,0.25,a linked-list node stores data and a link to another node,nodes must occupy contiguous memory,linked lists provide constant-time indexing,a list cannot be empty,A,,A linked-list node stores data and a link to another node.
Q0103B,DSA,Linked Lists,"In a practical problem involving Linked Lists, which principle should guide your solution?",MCQ,Medium,0.65,nodes must occupy contiguous memory,a linked-list node stores data and a link to another node,linked lists provide constant-time indexing,a list cannot be empty,B,,A linked-list node stores data and a link to another node.
Q0103C,DSA,Linked Lists,Which design decision is most consistent with the core principle of Linked Lists?,MCQ,Hard,0.75,nodes must occupy contiguous memory,linked lists provide constant-time indexing,a linked-list node stores data and a link to another node,a list cannot be empty,C,,A linked-list node stores data and a link to another node.
Q0103S,DSA,Linked Lists,"Explain the core principle of Linked Lists in your own words, and describe one situation where you would apply it.",Subjective,Medium,0.55,,,,,,A linked-list node stores data and a link to another node.,Model answer: A linked-list node stores data and a link to another node.
Q0104A,DSA,Stack & Queue,Which statement best describes Stack & Queue?,MCQ,Easy,0.35,"a stack follows First-In, First-Out order","a stack follows Last-In, First-Out order",a stack removes arbitrary elements,a stack needs sorted data,B,,"A stack follows last-in, first-out order."
Q0104B,DSA,Stack & Queue,"In a practical problem involving Stack & Queue, which principle should guide your solution?",MCQ,Medium,0.45,"a stack follows First-In, First-Out order",a stack removes arbitrary elements,"a stack follows Last-In, First-Out order",a stack needs sorted data,C,,"A stack follows last-in, first-out order."
Q0104C,DSA,Stack & Queue,Which design decision is most consistent with the core principle of Stack & Queue?,MCQ,Hard,0.85,"a stack follows First-In, First-Out order",a stack removes arbitrary elements,a stack needs sorted data,"a stack follows Last-In, First-Out order",D,,"A stack follows last-in, first-out order."
Q0104S,DSA,Stack & Queue,"Explain the core principle of Stack & Queue in your own words, and describe one situation where you would apply it.",Subjective,Easy,0.35,,,,,,"A stack follows last-in, first-out order.","Model answer: A stack follows last-in, first-out order."
Q0105A,DSA,Recursion,Which statement best describes Recursion?,MCQ,Easy,0.15,recursion never uses a call stack,every recursion is faster than iteration,a recursive algorithm needs a base case to terminate,a base case repeats the call,C,,A recursive algorithm needs a base case to terminate.
Q0105B,DSA,Recursion,"In a practical problem involving Recursion, which principle should guide your solution?",MCQ,Medium,0.55,recursion never uses a call stack,every recursion is faster than iteration,a base case repeats the call,a recursive algorithm needs a base case to terminate,D,,A recursive algorithm needs a base case to terminate.
Q0105C,DSA,Recursion,Which design decision is most consistent with the core principle of Recursion?,MCQ,Hard,0.95,a recursive algorithm needs a base case to terminate,recursion never uses a call stack,every recursion is faster than iteration,a base case repeats the call,A,,A recursive algorithm needs a base case to terminate.
Q0105S,DSA,Recursion,"Explain the core principle of Recursion in your own words, and describe one situation where you would apply it.",Subjective,Medium,0.45,,,,,,A recursive algorithm needs a base case to terminate.,Model answer: A recursive algorithm needs a base case to terminate.
Q0106A,DSA,Trees,Which statement best describes Trees?,MCQ,Easy,0.25,all tree nodes have two children,a BST is always balanced,the right subtree contains smaller keys,a binary-search-tree left subtree contains smaller keys,D,,A binary-search-tree left subtree contains smaller keys.
Q0106B,DSA,Trees,"In a practical problem involving Trees, which principle should guide your solution?",MCQ,Medium,0.65,a binary-search-tree left subtree contains smaller keys,all tree nodes have two children,a BST is always balanced,the right subtree contains smaller keys,A,,A binary-search-tree left subtree contains smaller keys.
Q0106C,DSA,Trees,Which design decision is most consistent with the core principle of Trees?,MCQ,Hard,0.75,all tree nodes have two children,a binary-search-tree left subtree contains smaller keys,a BST is always balanced,the right subtree contains smaller keys,B,,A binary-search-tree left subtree contains smaller keys.
Q0106S,DSA,Trees,"Explain the core principle of Trees in your own words, and describe one situation where you would apply it.",Subjective,Medium,0.55,,,,,,A binary-search-tree left subtree contains smaller keys.,Model answer: A binary-search-tree left subtree contains smaller keys.
Q0107A,DSA,Graphs,Which statement best describes Graphs?,MCQ,Easy,0.35,breadth-first search explores vertices level by level,BFS always uses a stack,BFS only works on trees,BFS requires weighted edges,A,,Breadth-first search explores vertices level by level.
Q0107B,DSA,Graphs,"In a practical problem involving Graphs, which principle should guide your solution?",MCQ,Medium,0.45,BFS always uses a stack,breadth-first search explores vertices level by level,BFS only works on trees,BFS requires weighted edges,B,,Breadth-first search explores vertices level by level.
Q0107C,DSA,Graphs,Which design decision is most consistent with the core principle of Graphs?,MCQ,Hard,0.85,BFS always uses a stack,BFS only works on trees,breadth-first search explores vertices level by level,BFS requires weighted edges,C,,Breadth-first search explores vertices level by level.
Q0107S,DSA,Graphs,"Explain the core principle of Graphs in your own words, and describe one situation where you would apply it.",Subjective,Medium,0.65,,,,,,Breadth-first search explores vertices level by level.,Model answer: Breadth-first search explores vertices level by level.
Q0108A,DSA,Hashing,Which statement best describes Hashing?,MCQ,Easy,0.15,hashing sorts every key,a hash function maps a key to an index or bucket,collisions are impossible,a hash table uses binary search,B,,A hash function maps a key to an index or bucket.
Q0108B,DSA,Hashing,"In a practical problem involving Hashing, which principle should guide your solution?",MCQ,Medium,0.55,hashing sorts every key,collisions are impossible,a hash function maps a key to an index or bucket,a hash table uses binary search,C,,A hash function maps a key to an index or bucket.
Q0108C,DSA,Hashing,Which design decision is most consistent with the core principle of Hashing?,MCQ,Hard,0.95,hashing sorts every key,collisions are impossible,a hash table uses binary search,a hash function maps a key to an index or bucket,D,,A hash function maps a key to an index or bucket.
Q0108S,DSA,Hashing,"Explain the core principle of Hashing in your own words, and describe one situation where you would apply it.",Subjective,Medium,0.45,,,,,,A hash function maps a key to an index or bucket.,Model answer: A hash function maps a key to an index or bucket.
Q0109A,DSA,Heap,Which statement best describes Heap?,MCQ,Easy,0.25,a heap is fully sorted,a min-heap has the smallest key at every leaf,a max-heap keeps the largest key at the root,heap insertion is always O(n),C,,A max-heap keeps the largest key at the root.
Q0109B,DSA,Heap,"In a practical problem involving Heap, which principle should guide your solution?",MCQ,Medium,0.65,a heap is fully sorted,a min-heap has the smallest key at every leaf,heap insertion is always O(n),a max-heap keeps the largest key at the root,D,,A max-heap keeps the largest key at the root.
Q0109C,DSA,Heap,Which design decision is most consistent with the core principle of Heap?,MCQ,Hard,0.75,a max-heap keeps the largest key at the root,a heap is fully sorted,a min-heap has the smallest key at every leaf,heap insertion is always O(n),A,,A max-heap keeps the largest key at the root.
Q0109S,DSA,Heap,"Explain the core principle of Heap in your own words, and describe one situation where you would apply it.",Subjective,Medium,0.55,,,,,,A max-heap keeps the largest key at the root.,Model answer: A max-heap keeps the largest key at the root.
Q0110A,DSA,Dynamic Programming,Which statement best describes Dynamic Programming?,MCQ,Easy,0.35,DP ignores previous results,DP works only with graphs,DP requires recursion only,dynamic programming reuses solutions to overlapping subproblems,D,,Dynamic programming reuses solutions to overlapping subproblems.
Q0110B,DSA,Dynamic Programming,"In a practical problem involving Dynamic Programming, which principle should guide your solution?",MCQ,Medium,0.45,dynamic programming reuses solutions to overlapping subproblems,DP ignores previous results,DP works only with graphs,DP requires recursion only,A,,Dynamic programming reuses solutions to overlapping subproblems.
Q0110C,DSA,Dynamic Programming,Which design decision is most consistent with the core principle of Dynamic Programming?,MCQ,Hard,0.85,DP ignores previous results,dynamic programming reuses solutions to overlapping subproblems,DP works only with graphs,DP requires recursion only,B,,Dynamic programming reuses solutions to overlapping subproblems.
Q0110S,DSA,Dynamic Programming,"Explain the core principle of Dynamic Programming in your own words, and describe one situation where you would apply it.",Subjective,Hard,0.95,,,,,,Dynamic programming reuses solutions to overlapping subproblems.,Model answer: Dynamic programming reuses solutions to overlapping subproblems.
Q0201A,DBMS,DBMS Basics,Which statement best describes DBMS Basics?,MCQ,Easy,0.15,a DBMS is only a programming language,a DBMS cannot enforce constraints,a DBMS stores no metadata,"a DBMS manages, stores, and retrieves structured data",D,,"A dbms manages, stores, and retrieves structured data."
Q0201B,DBMS,DBMS Basics,"In a practical problem involving DBMS Basics, which principle should guide your solution?",MCQ,Medium,0.55,"a DBMS manages, stores, and retrieves structured data",a DBMS is only a programming language,a DBMS cannot enforce constraints,a DBMS stores no metadata,A,,"A dbms manages, stores, and retrieves structured data."
Q0201C,DBMS,DBMS Basics,Which design decision is most consistent with the core principle of DBMS Basics?,MCQ,Hard,0.95,a DBMS is only a programming language,"a DBMS manages, stores, and retrieves structured data",a DBMS cannot enforce constraints,a DBMS stores no metadata,B,,"A dbms manages, stores, and retrieves structured data."
Q0201S,DBMS,DBMS Basics,"Explain the core principle of DBMS Basics in your own words, and describe one situation where you would apply it.",Subjective,Easy,0.15,,,,,,"A dbms manages, stores, and retrieves structured data.","Model answer: A dbms manages, stores, and retrieves structured data."
Q0202A,DBMS,Keys,Which statement best describes Keys?,MCQ,Easy,0.25,a primary key uniquely identifies a row,a primary key may contain duplicate values,a primary key is always a foreign key,a primary key stores only numbers,A,,A primary key uniquely identifies a row.
Q0202B,DBMS,Keys,"In a practical problem involving Keys, which principle should guide your solution?",MCQ,Medium,0.65,a primary key may contain duplicate values,a primary key uniquely identifies a row,a primary key is always a foreign key,a primary key stores only numbers,B,,A primary key uniquely identifies a row.
Q0202C,DBMS,Keys,Which design decision is most consistent with the core principle of Keys?,MCQ,Hard,0.75,a primary key may contain duplicate values,a primary key is always a foreign key,a primary key uniquely identifies a row,a primary key stores only numbers,C,,A primary key uniquely identifies a row.
Q0202S,DBMS,Keys,"Explain the core principle of Keys in your own words, and describe one situation where you would apply it.",Subjective,Easy,0.25,,,,,,A primary key uniquely identifies a row.,Model answer: A primary key uniquely identifies a row.
Q0203A,DBMS,SQL,Which statement best describes SQL?,MCQ,Easy,0.35,SELECT permanently deletes rows,SELECT is used to retrieve data from a table,SELECT creates a transaction,SELECT only changes schema,B,,Select is used to retrieve data from a table.
Q0203B,DBMS,SQL,"In a practical problem involving SQL, which principle should guide your solution?",MCQ,Medium,0.45,SELECT permanently deletes rows,SELECT creates a transaction,SELECT is used to retrieve data from a table,SELECT only changes schema,C,,Select is used to retrieve data from a table.
Q0203C,DBMS,SQL,Which design decision is most consistent with the core principle of SQL?,MCQ,Hard,0.85,SELECT permanently deletes rows,SELECT creates a transaction,SELECT only changes schema,SELECT is used to retrieve data from a table,D,,Select is used to retrieve data from a table.
Q0203S,DBMS,SQL,"Explain the core principle of SQL in your own words, and describe one situation where you would apply it.",Subjective,Easy,0.35,,,,,,Select is used to retrieve data from a table.,Model answer: Select is used to retrieve data from a table.
Q0204A,DBMS,Normalization,Which statement best describes Normalization?,MCQ,Easy,0.15,normalization guarantees faster every query,normalization removes all relationships,normalization reduces redundancy and update anomalies,normalization duplicates attributes,C,,Normalization reduces redundancy and update anomalies.
Q0204B,DBMS,Normalization,"In a practical problem involving Normalization, which principle should guide your solution?",MCQ,Medium,0.55,normalization guarantees faster every query,normalization removes all relationships,normalization duplicates attributes,normalization reduces redundancy and update anomalies,D,,Normalization reduces redundancy and update anomalies.
Q0204C,DBMS,Normalization,Which design decision is most consistent with the core principle of Normalization?,MCQ,Hard,0.95,normalization reduces redundancy and update anomalies,normalization guarantees faster every query,normalization removes all relationships,normalization duplicates attributes,A,,Normalization reduces redundancy and update anomalies.
Q0204S,DBMS,Normalization,"Explain the core principle of Normalization in your own words, and describe one situation where you would apply it.",Subjective,Medium,0.45,,,,,,Normalization reduces redundancy and update anomalies.,Model answer: Normalization reduces redundancy and update anomalies.
Q0205A,DBMS,Joins,Which statement best describes Joins?,MCQ,Easy,0.25,an INNER JOIN returns every unmatched row,an INNER JOIN deletes unmatched rows,an INNER JOIN needs no join condition,an INNER JOIN returns rows with matching values in both tables,D,,An inner join returns rows with matching values in both tables.
Q0205B,DBMS,Joins,"In a practical problem involving Joins, which principle should guide your solution?",MCQ,Medium,0.65,an INNER JOIN returns rows with matching values in both tables,an INNER JOIN returns every unmatched row,an INNER JOIN deletes unmatched rows,an INNER JOIN needs no join condition,A,,An inner join returns rows with matching values in both tables.
Q0205C,DBMS,Joins,Which design decision is most consistent with the core principle of Joins?,MCQ,Hard,0.75,an INNER JOIN returns every unmatched row,an INNER JOIN returns rows with matching values in both tables,an INNER JOIN deletes unmatched rows,an INNER JOIN needs no join condition,B,,An inner join returns rows with matching values in both tables.
Q0205S,DBMS,Joins,"Explain the core principle of Joins in your own words, and describe one situation where you would apply it.",Subjective,Medium,0.55,,,,,,An inner join returns rows with matching values in both tables.,Model answer: An inner join returns rows with matching values in both tables.
Q0206A,DBMS,Transactions,Which statement best describes Transactions?,MCQ,Easy,0.35,ACID atomicity means a transaction happens completely or not at all,atomicity means data is encrypted,atomicity permits partial commits,atomicity removes concurrency,A,,Acid atomicity means a transaction happens completely or not at all.
Q0206B,DBMS,Transactions,"In a practical problem involving Transactions, which principle should guide your solution?",MCQ,Medium,0.45,atomicity means data is encrypted,ACID atomicity means a transaction happens completely or not at all,atomicity permits partial commits,atomicity removes concurrency,B,,Acid atomicity means a transaction happens completely or not at all.
Q0206C,DBMS,Transactions,Which design decision is most consistent with the core principle of Transactions?,MCQ,Hard,0.85,atomicity means data is encrypted,atomicity permits partial commits,ACID atomicity means a transaction happens completely or not at all,atomicity removes concurrency,C,,Acid atomicity means a transaction happens completely or not at all.
Q0206S,DBMS,Transactions,"Explain the core principle of Transactions in your own words, and describe one situation where you would apply it.",Subjective,Medium,0.65,,,,,,Acid atomicity means a transaction happens completely or not at all.,Model answer: Acid atomicity means a transaction happens completely or not at all.
Q0207A,DBMS,Indexing,Which statement best describes Indexing?,MCQ,Easy,0.15,an index always reduces write cost,an index can speed up record lookup for selected attributes,an index stores no keys,an index makes table scans mandatory,B,,An index can speed up record lookup for selected attributes.
Q0207B,DBMS,Indexing,"In a practical problem involving Indexing, which principle should guide your solution?",MCQ,Medium,0.55,an index always reduces write cost,an index stores no keys,an index can speed up record lookup for selected attributes,an index makes table scans mandatory,C,,An index can speed up record lookup for selected attributes.
Q0207C,DBMS,Indexing,Which design decision is most consistent with the core principle of Indexing?,MCQ,Hard,0.95,an index always reduces write cost,an index stores no keys,an index makes table scans mandatory,an index can speed up record lookup for selected attributes,D,,An index can speed up record lookup for selected attributes.
Q0207S,DBMS,Indexing,"Explain the core principle of Indexing in your own words, and describe one situation where you would apply it.",Subjective,Medium,0.45,,,,,,An index can speed up record lookup for selected attributes.,Model answer: An index can speed up record lookup for selected attributes.
Q0208A,DBMS,ER Model,Which statement best describes ER Model?,MCQ,Easy,0.25,an entity is a query result only,a relationship cannot have cardinality,an ER relationship represents an association between entities,an ER diagram contains no attributes,C,,An er relationship represents an association between entities.
Q0208B,DBMS,ER Model,"In a practical problem involving ER Model, which principle should guide your solution?",MCQ,Medium,0.65,an entity is a query result only,a relationship cannot have cardinality,an ER diagram contains no attributes,an ER relationship represents an association between entities,D,,An er relationship represents an association between entities.
Q0208C,DBMS,ER Model,Which design decision is most consistent with the core principle of ER Model?,MCQ,Hard,0.75,an ER relationship represents an association between entities,an entity is a query result only,a relationship cannot have cardinality,an ER diagram contains no attributes,A,,An er relationship represents an association between entities.
Q0208S,DBMS,ER Model,"Explain the core principle of ER Model in your own words, and describe one situation where you would apply it.",Subjective,Easy,0.25,,,,,,An er relationship represents an association between entities.,Model answer: An er relationship represents an association between entities.
Q0209A,DBMS,Relational Algebra,Which statement best describes Relational Algebra?,MCQ,Easy,0.35,selection combines two relations,selection renames every attribute,selection sorts a table,selection filters rows that satisfy a condition,D,,Selection filters rows that satisfy a condition.
Q0209B,DBMS,Relational Algebra,"In a practical problem involving Relational Algebra, which principle should guide your solution?",MCQ,Medium,0.45,selection filters rows that satisfy a condition,selection combines two relations,selection renames every attribute,selection sorts a table,A,,Selection filters rows that satisfy a condition.
Q0209C,DBMS,Relational Algebra,Which design decision is most consistent with the core principle of Relational Algebra?,MCQ,Hard,0.85,selection combines two relations,selection filters rows that satisfy a condition,selection renames every attribute,selection sorts a table,B,,Selection filters rows that satisfy a condition.
Q0209S,DBMS,Relational Algebra,"Explain the core principle of Relational Algebra in your own words, and describe one situation where you would apply it.",Subjective,Hard,0.95,,,,,,Selection filters rows that satisfy a condition.,Model answer: Selection filters rows that satisfy a condition.
Q0210A,DBMS,Concurrency Control,Which statement best describes Concurrency Control?,MCQ,Easy,0.15,two-phase locking controls concurrent transaction conflicts,2PL prevents all database reads,2PL makes transactions non-atomic,2PL never uses locks,A,,Two-phase locking controls concurrent transaction conflicts.
Q0210B,DBMS,Concurrency Control,"In a practical problem involving Concurrency Control, which principle should guide your solution?",MCQ,Medium,0.55,2PL prevents all database reads,two-phase locking controls concurrent transaction conflicts,2PL makes transactions non-atomic,2PL never uses locks,B,,Two-phase locking controls concurrent transaction conflicts.
Q0210C,DBMS,Concurrency Control,Which design decision is most consistent with the core principle of Concurrency Control?,MCQ,Hard,0.95,2PL prevents all database reads,2PL makes transactions non-atomic,two-phase locking controls concurrent transaction conflicts,2PL never uses locks,C,,Two-phase locking controls concurrent transaction conflicts.
Q0210S,DBMS,Concurrency Control,"Explain the core principle of Concurrency Control in your own words, and describe one situation where you would apply it.",Subjective,Hard,0.75,,,,,,Two-phase locking controls concurrent transaction conflicts.,Model answer: Two-phase locking controls concurrent transaction conflicts.
Q0301A,Operating Systems,Processes,Which statement best describes Processes?,MCQ,Easy,0.25,a process is a program in execution,a process is only source code,processes never have state,a process cannot own resources,A,,A process is a program in execution.
Q0301B,Operating Systems,Processes,"In a practical problem involving Processes, which principle should guide your solution?",MCQ,Medium,0.65,a process is only source code,a process is a program in execution,processes never have state,a process cannot own resources,B,,A process is a program in execution.
Q0301C,Operating Systems,Processes,Which design decision is most consistent with the core principle of Processes?,MCQ,Hard,0.75,a process is only source code,processes never have state,a process is a program in execution,a process cannot own resources,C,,A process is a program in execution.
Q0301S,Operating Systems,Processes,"Explain the core principle of Processes in your own words, and describe one situation where you would apply it.",Subjective,Easy,0.25,,,,,,A process is a program in execution.,Model answer: A process is a program in execution.
Q0302A,Operating Systems,CPU Scheduling,Which statement best describes CPU Scheduling?,MCQ,Easy,0.35,round-robin always runs one process forever,round-robin scheduling uses a time quantum,round-robin is non-preemptive,round-robin has no ready queue,B,,Round-robin scheduling uses a time quantum.
Q0302B,Operating Systems,CPU Scheduling,"In a practical problem involving CPU Scheduling, which principle should guide your solution?",MCQ,Medium,0.45,round-robin always runs one process forever,round-robin is non-preemptive,round-robin scheduling uses a time quantum,round-robin has no ready queue,C,,Round-robin scheduling uses a time quantum.
Q0302C,Operating Systems,CPU Scheduling,Which design decision is most consistent with the core principle of CPU Scheduling?,MCQ,Hard,0.85,round-robin always runs one process forever,round-robin is non-preemptive,round-robin has no ready queue,round-robin scheduling uses a time quantum,D,,Round-robin scheduling uses a time quantum.
Q0302S,Operating Systems,CPU Scheduling,"Explain the core principle of CPU Scheduling in your own words, and describe one situation where you would apply it.",Subjective,Medium,0.65,,,,,,Round-robin scheduling uses a time quantum.,Model answer: Round-robin scheduling uses a time quantum.
Q0303A,Operating Systems,Deadlocks,Which statement best describes Deadlocks?,MCQ,Easy,0.15,deadlock occurs only with one process,deadlock means every job is complete,deadlock requires circular wait among its necessary conditions,deadlock cannot involve resources,C,,Deadlock requires circular wait among its necessary conditions.
Q0303B,Operating Systems,Deadlocks,"In a practical problem involving Deadlocks, which principle should guide your solution?",MCQ,Medium,0.55,deadlock occurs only with one process,deadlock means every job is complete,deadlock cannot involve resources,deadlock requires circular wait among its necessary conditions,D,,Deadlock requires circular wait among its necessary conditions.
Q0303C,Operating Systems,Deadlocks,Which design decision is most consistent with the core principle of Deadlocks?,MCQ,Hard,0.95,deadlock requires circular wait among its necessary conditions,deadlock occurs only with one process,deadlock means every job is complete,deadlock cannot involve resources,A,,Deadlock requires circular wait among its necessary conditions.
Q0303S,Operating Systems,Deadlocks,"Explain the core principle of Deadlocks in your own words, and describe one situation where you would apply it.",Subjective,Hard,0.75,,,,,,Deadlock requires circular wait among its necessary conditions.,Model answer: Deadlock requires circular wait among its necessary conditions.
Q0304A,Operating Systems,Memory Management,Which statement best describes Memory Management?,MCQ,Easy,0.25,virtual memory eliminates secondary storage,virtual memory has no address translation,virtual memory is only CPU cache,virtual memory lets a process use an address space beyond physical RAM,D,,Virtual memory lets a process use an address space beyond physical ram.
Q0304B,Operating Systems,Memory Management,"In a practical problem involving Memory Management, which principle should guide your solution?",MCQ,Medium,0.65,virtual memory lets a process use an address space beyond physical RAM,virtual memory eliminates secondary storage,virtual memory has no address translation,virtual memory is only CPU cache,A,,Virtual memory lets a process use an address space beyond physical ram.
Q0304C,Operating Systems,Memory Management,Which design decision is most consistent with the core principle of Memory Management?,MCQ,Hard,0.75,virtual memory eliminates secondary storage,virtual memory lets a process use an address space beyond physical RAM,virtual memory has no address translation,virtual memory is only CPU cache,B,,Virtual memory lets a process use an address space beyond physical ram.
Q0304S,Operating Systems,Memory Management,"Explain the core principle of Memory Management in your own words, and describe one situation where you would apply it.",Subjective,Medium,0.55,,,,,,Virtual memory lets a process use an address space beyond physical ram.,Model answer: Virtual memory lets a process use an address space beyond physical ram.
Q0305A,Operating Systems,Paging,Which statement best describes Paging?,MCQ,Easy,0.35,paging divides virtual memory into fixed-size pages,pages always have variable size,paging removes page tables,paging uses only contiguous allocation,A,,Paging divides virtual memory into fixed-size pages.
Q0305B,Operating Systems,Paging,"In a practical problem involving Paging, which principle should guide your solution?",MCQ,Medium,0.45,pages always have variable size,paging divides virtual memory into fixed-size pages,paging removes page tables,paging uses only contiguous allocation,B,,Paging divides virtual memory into fixed-size pages.
Q0305C,Operating Systems,Paging,Which design decision is most consistent with the core principle of Paging?,MCQ,Hard,0.85,pages always have variable size,paging removes page tables,paging divides virtual memory into fixed-size pages,paging uses only contiguous allocation,C,,Paging divides virtual memory into fixed-size pages.
Q0305S,Operating Systems,Paging,"Explain the core principle of Paging in your own words, and describe one situation where you would apply it.",Subjective,Medium,0.65,,,,,,Paging divides virtual memory into fixed-size pages.,Model answer: Paging divides virtual memory into fixed-size pages.
Q0306A,Operating Systems,Synchronization,Which statement best describes Synchronization?,MCQ,Easy,0.15,a mutex allows every thread simultaneously,a mutex provides mutual exclusion for a critical section,a mutex schedules disks,a mutex replaces all locks with polling,B,,A mutex provides mutual exclusion for a critical section.
Q0306B,Operating Systems,Synchronization,"In a practical problem involving Synchronization, which principle should guide your solution?",MCQ,Medium,0.55,a mutex allows every thread simultaneously,a mutex schedules disks,a mutex provides mutual exclusion for a critical section,a mutex replaces all locks with polling,C,,A mutex provides mutual exclusion for a critical section.
Q0306C,Operating Systems,Synchronization,Which design decision is most consistent with the core principle of Synchronization?,MCQ,Hard,0.95,a mutex allows every thread simultaneously,a mutex schedules disks,a mutex replaces all locks with polling,a mutex provides mutual exclusion for a critical section,D,,A mutex provides mutual exclusion for a critical section.
Q0306S,Operating Systems,Synchronization,"Explain the core principle of Synchronization in your own words, and describe one situation where you would apply it.",Subjective,Hard,0.75,,,,,,A mutex provides mutual exclusion for a critical section.,Model answer: A mutex provides mutual exclusion for a critical section.
Q0307A,Operating Systems,File Systems,Which statement best describes File Systems?,MCQ,Easy,0.25,a file system is a CPU scheduler,file systems cannot store metadata,a file system organizes files and directories on storage,a file name is the entire file system,C,,A file system organizes files and directories on storage.
Q0307B,Operating Systems,File Systems,"In a practical problem involving File Systems, which principle should guide your solution?",MCQ,Medium,0.65,a file system is a CPU scheduler,file systems cannot store metadata,a file name is the entire file system,a file system organizes files and directories on storage,D,,A file system organizes files and directories on storage.
Q0307C,Operating Systems,File Systems,Which design decision is most consistent with the core principle of File Systems?,MCQ,Hard,0.75,a file system organizes files and directories on storage,a file system is a CPU scheduler,file systems cannot store metadata,a file name is the entire file system,A,,A file system organizes files and directories on storage.
Q0307S,Operating Systems,File Systems,"Explain the core principle of File Systems in your own words, and describe one situation where you would apply it.",Subjective,Easy,0.25,,,,,,A file system organizes files and directories on storage.,Model answer: A file system organizes files and directories on storage.
Q0308A,Operating Systems,Threads,Which statement best describes Threads?,MCQ,Easy,0.35,threads never share process resources,each thread is a separate computer,a thread cannot be scheduled,threads in one process share its address space,D,,Threads in one process share its address space.
Q0308B,Operating Systems,Threads,"In a practical problem involving Threads, which principle should guide your solution?",MCQ,Medium,0.45,threads in one process share its address space,threads never share process resources,each thread is a separate computer,a thread cannot be scheduled,A,,Threads in one process share its address space.
Q0308C,Operating Systems,Threads,Which design decision is most consistent with the core principle of Threads?,MCQ,Hard,0.85,threads never share process resources,threads in one process share its address space,each thread is a separate computer,a thread cannot be scheduled,B,,Threads in one process share its address space.
Q0308S,Operating Systems,Threads,"Explain the core principle of Threads in your own words, and describe one situation where you would apply it.",Subjective,Medium,0.65,,,,,,Threads in one process share its address space.,Model answer: Threads in one process share its address space.
Q0309A,Operating Systems,I/O Management,Which statement best describes I/O Management?,MCQ,Easy,0.15,an interrupt lets a device notify the CPU about an event,an interrupt is a type of permanent storage,interrupts are only user programs,interrupts cannot be disabled,A,,An interrupt lets a device notify the cpu about an event.
Q0309B,Operating Systems,I/O Management,"In a practical problem involving I/O Management, which principle should guide your solution?",MCQ,Medium,0.55,an interrupt is a type of permanent storage,an interrupt lets a device notify the CPU about an event,interrupts are only user programs,interrupts cannot be disabled,B,,An interrupt lets a device notify the cpu about an event.
Q0309C,Operating Systems,I/O Management,Which design decision is most consistent with the core principle of I/O Management?,MCQ,Hard,0.95,an interrupt is a type of permanent storage,interrupts are only user programs,an interrupt lets a device notify the CPU about an event,interrupts cannot be disabled,C,,An interrupt lets a device notify the cpu about an event.
Q0309S,Operating Systems,I/O Management,"Explain the core principle of I/O Management in your own words, and describe one situation where you would apply it.",Subjective,Medium,0.45,,,,,,An interrupt lets a device notify the cpu about an event.,Model answer: An interrupt lets a device notify the cpu about an event.
Q0310A,Operating Systems,Security,Which statement best describes Security?,MCQ,Easy,0.25,least privilege grants administrator access by default,least privilege grants only permissions necessary for a task,least privilege removes authentication,least privilege shares all accounts,B,,Least privilege grants only permissions necessary for a task.
Q0310B,Operating Systems,Security,"In a practical problem involving Security, which principle should guide your solution?",MCQ,Medium,0.65,least privilege grants administrator access by default,least privilege removes authentication,least privilege grants only permissions necessary for a task,least privilege shares all accounts,C,,Least privilege grants only permissions necessary for a task.
Q0310C,Operating Systems,Security,Which design decision is most consistent with the core principle of Security?,MCQ,Hard,0.75,least privilege grants administrator access by default,least privilege removes authentication,least privilege shares all accounts,least privilege grants only permissions necessary for a task,D,,Least privilege grants only permissions necessary for a task.
Q0310S,Operating Systems,Security,"Explain the core principle of Security in your own words, and describe one situation where you would apply it.",Subjective,Hard,0.85,,,,,,Least privilege grants only permissions necessary for a task.,Model answer: Least privilege grants only permissions necessary for a task.
Q0401A,Computer Networks,OSI,Which statement best describes OSI?,MCQ,Easy,0.35,the transport layer assigns MAC addresses,the OSI transport layer provides end-to-end transport services,the transport layer is the physical cable,the transport layer is only for DNS,B,,The osi transport layer provides end-to-end transport services.
Q0401B,Computer Networks,OSI,"In a practical problem involving OSI, which principle should guide your solution?",MCQ,Medium,0.45,the transport layer assigns MAC addresses,the transport layer is the physical cable,the OSI transport layer provides end-to-end transport services,the transport layer is only for DNS,C,,The osi transport layer provides end-to-end transport services.
Q0401C,Computer Networks,OSI,Which design decision is most consistent with the core principle of OSI?,MCQ,Hard,0.85,the transport layer assigns MAC addresses,the transport layer is the physical cable,the transport layer is only for DNS,the OSI transport layer provides end-to-end transport services,D,,The osi transport layer provides end-to-end transport services.
Q0401S,Computer Networks,OSI,"Explain the core principle of OSI in your own words, and describe one situation where you would apply it.",Subjective,Medium,0.65,,,,,,The osi transport layer provides end-to-end transport services.,Model answer: The osi transport layer provides end-to-end transport services.
Q0402A,Computer Networks,TCP/IP,Which statement best describes TCP/IP?,MCQ,Easy,0.15,IP guarantees delivery and ordering,IP is a physical connector,the Internet Protocol routes packets between networks,IP encrypts every payload by itself,C,,The internet protocol routes packets between networks.
Q0402B,Computer Networks,TCP/IP,"In a practical problem involving TCP/IP, which principle should guide your solution?",MCQ,Medium,0.55,IP guarantees delivery and ordering,IP is a physical connector,IP encrypts every payload by itself,the Internet Protocol routes packets between networks,D,,The internet protocol routes packets between networks.
Q0402C,Computer Networks,TCP/IP,Which design decision is most consistent with the core principle of TCP/IP?,MCQ,Hard,0.95,the Internet Protocol routes packets between networks,IP guarantees delivery and ordering,IP is a physical connector,IP encrypts every payload by itself,A,,The internet protocol routes packets between networks.
Q0402S,Computer Networks,TCP/IP,"Explain the core principle of TCP/IP in your own words, and describe one situation where you would apply it.",Subjective,Medium,0.45,,,,,,The internet protocol routes packets between networks.,Model answer: The internet protocol routes packets between networks.
Q0403A,Computer Networks,TCP,Which statement best describes TCP?,MCQ,Easy,0.25,TCP is connectionless,TCP never retransmits data,TCP has no flow control,TCP provides reliable ordered byte-stream delivery,D,,Tcp provides reliable ordered byte-stream delivery.
Q0403B,Computer Networks,TCP,"In a practical problem involving TCP, which principle should guide your solution?",MCQ,Medium,0.65,TCP provides reliable ordered byte-stream delivery,TCP is connectionless,TCP never retransmits data,TCP has no flow control,A,,Tcp provides reliable ordered byte-stream delivery.
Q0403C,Computer Networks,TCP,Which design decision is most consistent with the core principle of TCP?,MCQ,Hard,0.75,TCP is connectionless,TCP provides reliable ordered byte-stream delivery,TCP never retransmits data,TCP has no flow control,B,,Tcp provides reliable ordered byte-stream delivery.
Q0403S,Computer Networks,TCP,"Explain the core principle of TCP in your own words, and describe one situation where you would apply it.",Subjective,Medium,0.55,,,,,,Tcp provides reliable ordered byte-stream delivery.,Model answer: Tcp provides reliable ordered byte-stream delivery.
Q0404A,Computer Networks,UDP,Which statement best describes UDP?,MCQ,Easy,0.35,UDP is connectionless and has low protocol overhead,UDP guarantees in-order delivery,UDP requires a three-way handshake,UDP cannot carry application data,A,,Udp is connectionless and has low protocol overhead.
Q0404B,Computer Networks,UDP,"In a practical problem involving UDP, which principle should guide your solution?",MCQ,Medium,0.45,UDP guarantees in-order delivery,UDP is connectionless and has low protocol overhead,UDP requires a three-way handshake,UDP cannot carry application data,B,,Udp is connectionless and has low protocol overhead.
Q0404C,Computer Networks,UDP,Which design decision is most consistent with the core principle of UDP?,MCQ,Hard,0.85,UDP guarantees in-order delivery,UDP requires a three-way handshake,UDP is connectionless and has low protocol overhead,UDP cannot carry application data,C,,Udp is connectionless and has low protocol overhead.
Q0404S,Computer Networks,UDP,"Explain the core principle of UDP in your own words, and describe one situation where you would apply it.",Subjective,Easy,0.35,,,,,,Udp is connectionless and has low protocol overhead.,Model answer: Udp is connectionless and has low protocol overhead.
Q0405A,Computer Networks,DNS,Which statement best describes DNS?,MCQ,Easy,0.15,DNS assigns MAC addresses,DNS maps domain names to IP addresses,DNS transfers web pages,DNS is a routing protocol,B,,Dns maps domain names to ip addresses.
Q0405B,Computer Networks,DNS,"In a practical problem involving DNS, which principle should guide your solution?",MCQ,Medium,0.55,DNS assigns MAC addresses,DNS transfers web pages,DNS maps domain names to IP addresses,DNS is a routing protocol,C,,Dns maps domain names to ip addresses.
Q0405C,Computer Networks,DNS,Which design decision is most consistent with the core principle of DNS?,MCQ,Hard,0.95,DNS assigns MAC addresses,DNS transfers web pages,DNS is a routing protocol,DNS maps domain names to IP addresses,D,,Dns maps domain names to ip addresses.
Q0405S,Computer Networks,DNS,"Explain the core principle of DNS in your own words, and describe one situation where you would apply it.",Subjective,Easy,0.15,,,,,,Dns maps domain names to ip addresses.,Model answer: Dns maps domain names to ip addresses.
Q0406A,Computer Networks,HTTP,Which statement best describes HTTP?,MCQ,Easy,0.25,HTTP assigns IP addresses,HTTP is a physical layer standard,HTTP is an application-layer protocol for web communication,HTTP only works without servers,C,,Http is an application-layer protocol for web communication.
Q0406B,Computer Networks,HTTP,"In a practical problem involving HTTP, which principle should guide your solution?",MCQ,Medium,0.65,HTTP assigns IP addresses,HTTP is a physical layer standard,HTTP only works without servers,HTTP is an application-layer protocol for web communication,D,,Http is an application-layer protocol for web communication.
Q0406C,Computer Networks,HTTP,Which design decision is most consistent with the core principle of HTTP?,MCQ,Hard,0.75,HTTP is an application-layer protocol for web communication,HTTP assigns IP addresses,HTTP is a physical layer standard,HTTP only works without servers,A,,Http is an application-layer protocol for web communication.
Q0406S,Computer Networks,HTTP,"Explain the core principle of HTTP in your own words, and describe one situation where you would apply it.",Subjective,Easy,0.25,,,,,,Http is an application-layer protocol for web communication.,Model answer: Http is an application-layer protocol for web communication.
Q0407A,Computer Networks,DHCP,Which statement best describes DHCP?,MCQ,Easy,0.35,DHCP resolves domain names,DHCP encrypts TCP streams,DHCP is a file system,DHCP dynamically assigns network configuration such as IP addresses,D,,Dhcp dynamically assigns network configuration such as ip addresses.
Q0407B,Computer Networks,DHCP,"In a practical problem involving DHCP, which principle should guide your solution?",MCQ,Medium,0.45,DHCP dynamically assigns network configuration such as IP addresses,DHCP resolves domain names,DHCP encrypts TCP streams,DHCP is a file system,A,,Dhcp dynamically assigns network configuration such as ip addresses.
Q0407C,Computer Networks,DHCP,Which design decision is most consistent with the core principle of DHCP?,MCQ,Hard,0.85,DHCP resolves domain names,DHCP dynamically assigns network configuration such as IP addresses,DHCP encrypts TCP streams,DHCP is a file system,B,,Dhcp dynamically assigns network configuration such as ip addresses.
Q0407S,Computer Networks,DHCP,"Explain the core principle of DHCP in your own words, and describe one situation where you would apply it.",Subjective,Medium,0.65,,,,,,Dhcp dynamically assigns network configuration such as ip addresses.,Model answer: Dhcp dynamically assigns network configuration such as ip addresses.
Q0408A,Computer Networks,IP Addressing,Which statement best describes IP Addressing?,MCQ,Easy,0.15,a subnet mask identifies network and host portions of an IPv4 address,a subnet mask is a transport port,a subnet mask is a DNS record,a subnet mask is a MAC address,A,,A subnet mask identifies network and host portions of an ipv4 address.
Q0408B,Computer Networks,IP Addressing,"In a practical problem involving IP Addressing, which principle should guide your solution?",MCQ,Medium,0.55,a subnet mask is a transport port,a subnet mask identifies network and host portions of an IPv4 address,a subnet mask is a DNS record,a subnet mask is a MAC address,B,,A subnet mask identifies network and host portions of an ipv4 address.
Q0408C,Computer Networks,IP Addressing,Which design decision is most consistent with the core principle of IP Addressing?,MCQ,Hard,0.95,a subnet mask is a transport port,a subnet mask is a DNS record,a subnet mask identifies network and host portions of an IPv4 address,a subnet mask is a MAC address,C,,A subnet mask identifies network and host portions of an ipv4 address.
Q0408S,Computer Networks,IP Addressing,"Explain the core principle of IP Addressing in your own words, and describe one situation where you would apply it.",Subjective,Medium,0.45,,,,,,A subnet mask identifies network and host portions of an ipv4 address.,Model answer: A subnet mask identifies network and host portions of an ipv4 address.
Q0409A,Computer Networks,Routing,Which statement best describes Routing?,MCQ,Easy,0.25,a router only switches within one Ethernet frame,a router forwards packets using routing-table information,a router has no network-layer role,a router cannot connect networks,B,,A router forwards packets using routing-table information.
Q0409B,Computer Networks,Routing,"In a practical problem involving Routing, which principle should guide your solution?",MCQ,Medium,0.65,a router only switches within one Ethernet frame,a router has no network-layer role,a router forwards packets using routing-table information,a router cannot connect networks,C,,A router forwards packets using routing-table information.
Q0409C,Computer Networks,Routing,Which design decision is most consistent with the core principle of Routing?,MCQ,Hard,0.75,a router only switches within one Ethernet frame,a router has no network-layer role,a router cannot connect networks,a router forwards packets using routing-table information,D,,A router forwards packets using routing-table information.
Q0409S,Computer Networks,Routing,"Explain the core principle of Routing in your own words, and describe one situation where you would apply it.",Subjective,Hard,0.85,,,,,,A router forwards packets using routing-table information.,Model answer: A router forwards packets using routing-table information.
Q0410A,Computer Networks,Network Security,Which statement best describes Network Security?,MCQ,Easy,0.35,a firewall replaces all authentication,a firewall is an IP address,a firewall filters network traffic according to policy,a firewall stores web pages,C,,A firewall filters network traffic according to policy.
Q0410B,Computer Networks,Network Security,"In a practical problem involving Network Security, which principle should guide your solution?",MCQ,Medium,0.45,a firewall replaces all authentication,a firewall is an IP address,a firewall stores web pages,a firewall filters network traffic according to policy,D,,A firewall filters network traffic according to policy.
Q0410C,Computer Networks,Network Security,Which design decision is most consistent with the core principle of Network Security?,MCQ,Hard,0.85,a firewall filters network traffic according to policy,a firewall replaces all authentication,a firewall is an IP address,a firewall stores web pages,A,,A firewall filters network traffic according to policy.
Q0410S,Computer Networks,Network Security,"Explain the core principle of Network Security in your own words, and describe one situation where you would apply it.",Subjective,Hard,0.95,,,,,,A firewall filters network traffic according to policy.,Model answer: A firewall filters network traffic according to policy.
Q0501A,Software Engineering,SDLC,Which statement best describes SDLC?,MCQ,Easy,0.15,the SDLC is only the coding phase,the SDLC has no testing,the SDLC describes phases used to develop and maintain software,the SDLC applies only after deployment,C,,The sdlc describes phases used to develop and maintain software.
Q0501B,Software Engineering,SDLC,"In a practical problem involving SDLC, which principle should guide your solution?",MCQ,Medium,0.55,the SDLC is only the coding phase,the SDLC has no testing,the SDLC applies only after deployment,the SDLC describes phases used to develop and maintain software,D,,The sdlc describes phases used to develop and maintain software.
Q0501C,Software Engineering,SDLC,Which design decision is most consistent with the core principle of SDLC?,MCQ,Hard,0.95,the SDLC describes phases used to develop and maintain software,the SDLC is only the coding phase,the SDLC has no testing,the SDLC applies only after deployment,A,,The sdlc describes phases used to develop and maintain software.
Q0501S,Software Engineering,SDLC,"Explain the core principle of SDLC in your own words, and describe one situation where you would apply it.",Subjective,Easy,0.15,,,,,,The sdlc describes phases used to develop and maintain software.,Model answer: The sdlc describes phases used to develop and maintain software.
Q0502A,Software Engineering,Agile,Which statement best describes Agile?,MCQ,Easy,0.25,Agile prohibits customer feedback,Agile requires one final delivery only,Agile eliminates planning entirely,Agile development uses iterative delivery and frequent feedback,D,,Agile development uses iterative delivery and frequent feedback.
Q0502B,Software Engineering,Agile,"In a practical problem involving Agile, which principle should guide your solution?",MCQ,Medium,0.65,Agile development uses iterative delivery and frequent feedback,Agile prohibits customer feedback,Agile requires one final delivery only,Agile eliminates planning entirely,A,,Agile development uses iterative delivery and frequent feedback.
Q0502C,Software Engineering,Agile,Which design decision is most consistent with the core principle of Agile?,MCQ,Hard,0.75,Agile prohibits customer feedback,Agile development uses iterative delivery and frequent feedback,Agile requires one final delivery only,Agile eliminates planning entirely,B,,Agile development uses iterative delivery and frequent feedback.
Q0502S,Software Engineering,Agile,"Explain the core principle of Agile in your own words, and describe one situation where you would apply it.",Subjective,Easy,0.25,,,,,,Agile development uses iterative delivery and frequent feedback.,Model answer: Agile development uses iterative delivery and frequent feedback.
Q0503A,Software Engineering,Waterfall,Which statement best describes Waterfall?,MCQ,Easy,0.35,Waterfall organizes development in sequential phases,Waterfall has no requirements phase,Waterfall is a network protocol,Waterfall requires daily releases,A,,Waterfall organizes development in sequential phases.
Q0503B,Software Engineering,Waterfall,"In a practical problem involving Waterfall, which principle should guide your solution?",MCQ,Medium,0.45,Waterfall has no requirements phase,Waterfall organizes development in sequential phases,Waterfall is a network protocol,Waterfall requires daily releases,B,,Waterfall organizes development in sequential phases.
Q0503C,Software Engineering,Waterfall,Which design decision is most consistent with the core principle of Waterfall?,MCQ,Hard,0.85,Waterfall has no requirements phase,Waterfall is a network protocol,Waterfall organizes development in sequential phases,Waterfall requires daily releases,C,,Waterfall organizes development in sequential phases.
Q0503S,Software Engineering,Waterfall,"Explain the core principle of Waterfall in your own words, and describe one situation where you would apply it.",Subjective,Medium,0.65,,,,,,Waterfall organizes development in sequential phases.,Model answer: Waterfall organizes development in sequential phases.
Q0504A,Software Engineering,SRS,Which statement best describes SRS?,MCQ,Easy,0.15,an SRS is compiled executable code,an SRS specifies the software system requirements,an SRS replaces all tests,an SRS only lists developer salaries,B,,An srs specifies the software system requirements.
Q0504B,Software Engineering,SRS,"In a practical problem involving SRS, which principle should guide your solution?",MCQ,Medium,0.55,an SRS is compiled executable code,an SRS replaces all tests,an SRS specifies the software system requirements,an SRS only lists developer salaries,C,,An srs specifies the software system requirements.
Q0504C,Software Engineering,SRS,Which design decision is most consistent with the core principle of SRS?,MCQ,Hard,0.95,an SRS is compiled executable code,an SRS replaces all tests,an SRS only lists developer salaries,an SRS specifies the software system requirements,D,,An srs specifies the software system requirements.
Q0504S,Software Engineering,SRS,"Explain the core principle of SRS in your own words, and describe one situation where you would apply it.",Subjective,Medium,0.45,,,,,,An srs specifies the software system requirements.,Model answer: An srs specifies the software system requirements.
Q0505A,Software Engineering,Testing,Which statement best describes Testing?,MCQ,Easy,0.25,unit testing always tests production infrastructure,unit tests require a complete UI,unit testing verifies a small testable component in isolation,unit testing never uses assertions,C,,Unit testing verifies a small testable component in isolation.
Q0505B,Software Engineering,Testing,"In a practical problem involving Testing, which principle should guide your solution?",MCQ,Medium,0.65,unit testing always tests production infrastructure,unit tests require a complete UI,unit testing never uses assertions,unit testing verifies a small testable component in isolation,D,,Unit testing verifies a small testable component in isolation.
Q0505C,Software Engineering,Testing,Which design decision is most consistent with the core principle of Testing?,MCQ,Hard,0.75,unit testing verifies a small testable component in isolation,unit testing always tests production infrastructure,unit tests require a complete UI,unit testing never uses assertions,A,,Unit testing verifies a small testable component in isolation.
Q0505S,Software Engineering,Testing,"Explain the core principle of Testing in your own words, and describe one situation where you would apply it.",Subjective,Medium,0.55,,,,,,Unit testing verifies a small testable component in isolation.,Model answer: Unit testing verifies a small testable component in isolation.
Q0506A,Software Engineering,UML,Which statement best describes UML?,MCQ,Easy,0.35,UML only models database backups,UML is an executable language,UML cannot show associations,a UML class diagram models classes and their relationships,D,,A uml class diagram models classes and their relationships.
Q0506B,Software Engineering,UML,"In a practical problem involving UML, which principle should guide your solution?",MCQ,Medium,0.45,a UML class diagram models classes and their relationships,UML only models database backups,UML is an executable language,UML cannot show associations,A,,A uml class diagram models classes and their relationships.
Q0506C,Software Engineering,UML,Which design decision is most consistent with the core principle of UML?,MCQ,Hard,0.85,UML only models database backups,a UML class diagram models classes and their relationships,UML is an executable language,UML cannot show associations,B,,A uml class diagram models classes and their relationships.
Q0506S,Software Engineering,UML,"Explain the core principle of UML in your own words, and describe one situation where you would apply it.",Subjective,Medium,0.65,,,,,,A uml class diagram models classes and their relationships.,Model answer: A uml class diagram models classes and their relationships.
Q0507A,Software Engineering,Git/Version Control,Which statement best describes Git/Version Control?,MCQ,Easy,0.15,a commit records a snapshot of staged changes in Git,a commit permanently deletes a repository,a commit is a network packet,a commit cannot have a message,A,,A commit records a snapshot of staged changes in git.
Q0507B,Software Engineering,Git/Version Control,"In a practical problem involving Git/Version Control, which principle should guide your solution?",MCQ,Medium,0.55,a commit permanently deletes a repository,a commit records a snapshot of staged changes in Git,a commit is a network packet,a commit cannot have a message,B,,A commit records a snapshot of staged changes in git.
Q0507C,Software Engineering,Git/Version Control,Which design decision is most consistent with the core principle of Git/Version Control?,MCQ,Hard,0.95,a commit permanently deletes a repository,a commit is a network packet,a commit records a snapshot of staged changes in Git,a commit cannot have a message,C,,A commit records a snapshot of staged changes in git.
Q0507S,Software Engineering,Git/Version Control,"Explain the core principle of Git/Version Control in your own words, and describe one situation where you would apply it.",Subjective,Easy,0.15,,,,,,A commit records a snapshot of staged changes in git.,Model answer: A commit records a snapshot of staged changes in git.
Q0508A,Software Engineering,Software Quality,Which statement best describes Software Quality?,MCQ,Easy,0.25,maintainability means no documentation,maintainability measures how easily software can be modified,maintainability is only runtime speed,maintainability forbids refactoring,B,,Maintainability measures how easily software can be modified.
Q0508B,Software Engineering,Software Quality,"In a practical problem involving Software Quality, which principle should guide your solution?",MCQ,Medium,0.65,maintainability means no documentation,maintainability is only runtime speed,maintainability measures how easily software can be modified,maintainability forbids refactoring,C,,Maintainability measures how easily software can be modified.
Q0508C,Software Engineering,Software Quality,Which design decision is most consistent with the core principle of Software Quality?,MCQ,Hard,0.75,maintainability means no documentation,maintainability is only runtime speed,maintainability forbids refactoring,maintainability measures how easily software can be modified,D,,Maintainability measures how easily software can be modified.
Q0508S,Software Engineering,Software Quality,"Explain the core principle of Software Quality in your own words, and describe one situation where you would apply it.",Subjective,Medium,0.55,,,,,,Maintainability measures how easily software can be modified.,Model answer: Maintainability measures how easily software can be modified.
Q0509A,Software Engineering,Project Management,Which statement best describes Project Management?,MCQ,Easy,0.35,a WBS is a source-code compiler,a WBS removes project scope,a work breakdown structure decomposes project work into smaller tasks,a WBS is a database index,C,,A work breakdown structure decomposes project work into smaller tasks.
Q0509B,Software Engineering,Project Management,"In a practical problem involving Project Management, which principle should guide your solution?",MCQ,Medium,0.45,a WBS is a source-code compiler,a WBS removes project scope,a WBS is a database index,a work breakdown structure decomposes project work into smaller tasks,D,,A work breakdown structure decomposes project work into smaller tasks.
Q0509C,Software Engineering,Project Management,Which design decision is most consistent with the core principle of Project Management?,MCQ,Hard,0.85,a work breakdown structure decomposes project work into smaller tasks,a WBS is a source-code compiler,a WBS removes project scope,a WBS is a database index,A,,A work breakdown structure decomposes project work into smaller tasks.
Q0509S,Software Engineering,Project Management,"Explain the core principle of Project Management in your own words, and describe one situation where you would apply it.",Subjective,Medium,0.65,,,,,,A work breakdown structure decomposes project work into smaller tasks.,Model answer: A work breakdown structure decomposes project work into smaller tasks.
Q0510A,Software Engineering,Design Patterns,Which statement best describes Design Patterns?,MCQ,Easy,0.15,Observer stores rows in a database,Observer guarantees a singleton,Observer is a network routing algorithm,the Observer pattern notifies dependent objects about state changes,D,,The observer pattern notifies dependent objects about state changes.
Q0510B,Software Engineering,Design Patterns,"In a practical problem involving Design Patterns, which principle should guide your solution?",MCQ,Medium,0.55,the Observer pattern notifies dependent objects about state changes,Observer stores rows in a database,Observer guarantees a singleton,Observer is a network routing algorithm,A,,The observer pattern notifies dependent objects about state changes.
Q0510C,Software Engineering,Design Patterns,Which design decision is most consistent with the core principle of Design Patterns?,MCQ,Hard,0.95,Observer stores rows in a database,the Observer pattern notifies dependent objects about state changes,Observer guarantees a singleton,Observer is a network routing algorithm,B,,The observer pattern notifies dependent objects about state changes.
Q0510S,Software Engineering,Design Patterns,"Explain the core principle of Design Patterns in your own words, and describe one situation where you would apply it.",Subjective,Hard,0.75,,,,,,The observer pattern notifies dependent objects about state changes.,Model answer: The observer pattern notifies dependent objects about state changes.
